id,title,"UNIQUE INTERNAL CODE",link,image_link,price,condition,brand,CATEGORY,description
505116986734,"Weird Fish Tonala Vest Top",505116986734,http://www.board-worx.com/15dev/weird-fish-tonala-vest-top-12171.html,https://www.board-worx.com/15dev/media/catalog/product//s/c/screen_shot_2015-03-07_at_14.06.15.png,0,New,"Weird Fish",'Tops',
8715738410664,"Mystic Kitesurf Wave Directional surf Footstraps",8715738410664,http://www.board-worx.com/15dev/weird-fish-tonala-vest-top-12171.html,https://www.board-worx.com/15dev/media/catalog/product//m/y/mystic-wavefoodstrap-set-kitesurfing.jpg,0,New,Mystic,'Tops',
8715738404472,"Mystic Uphaul windurfing",8715738404472,http://www.board-worx.com/15dev/weird-fish-tonala-vest-top-12171.html,https://www.board-worx.com/15dev/media/catalog/product//m/y/mystic-uphaul-foam-grip-1415_1410263416.jpg,0,New,Mystic,'Tops',
505116502340,"Weird Fish Barros Polo Shirt",505116502340,http://www.board-worx.com/15dev/weird-fish-tonala-vest-top-12171.html,https://www.board-worx.com/15dev/media/catalog/product//s/c/screen_shot_2015-03-07_at_14.14.01.png,0,New,"Weird Fish",'Tops',
505116544555,"Weird Fish Lateen Tee ",505116544555,http://www.board-worx.com/15dev/weird-fish-tonala-vest-top-12171.html,https://www.board-worx.com/15dev/media/catalog/product//s/c/screen_shot_2015-03-07_at_16.52.03.png,0,New,"Weird Fish",'Tops',
8715730981,"Mystic Majestic Diva Kitesurf windsurf Womens Waist Harness 2015",8715730981,http://www.board-worx.com/15dev/weird-fish-tonala-vest-top-12171.html,https://www.board-worx.com/15dev/media/catalog/product//m/y/mystic-majestic-diva-bk-multi-use-kitesurfing-harness-2015-size-l-_2_-4147-p.jpg,0,New,Mystic,'Tops',
5051165814297,"Weird Fish Orient Scarf",5051165814297,http://www.board-worx.com/15dev/weird-fish-tonala-vest-top-12171.html,https://www.board-worx.com/15dev/media/catalog/product//1/0/1087873-large.jpg,0,New,"Weird Fish",'Tops',
8715737689098,"Mystic Artistic YZ Youri Zoon Pro waist Kitesurfing Harness 2015.",8715737689098,http://www.board-worx.com/15dev/weird-fish-tonala-vest-top-12171.html,https://www.board-worx.com/15dev/media/catalog/product//m/y/mystic-artistic-yz-pro-kitesurfing-harness-2015.jpg,0,New,Mystic,'Tops',
8715739087234,"Mystic Ladies Star Shorty 3/2mm",8715739087234,http://www.board-worx.com/15dev/weird-fish-tonala-vest-top-12171.html,https://www.board-worx.com/15dev/media/catalog/product//m/y/mystic-wetsuit-star-shorty.jpg,0,New,Mystic,'Tops',
8715730923671,"Mystic Handle Pass leash Neo Kitesurfing",8715730923671,http://www.board-worx.com/15dev/weird-fish-tonala-vest-top-12171.html,https://www.board-worx.com/15dev/media/catalog/product//3/_/3_648-mystic-handlepass-leash-neo-135-1415_1409845477.jpg,0,New,Mystic,'Tops',
8715737834212,"Mystic Star Mens Shortie wetsuit",8715737834212,http://www.board-worx.com/15dev/weird-fish-tonala-vest-top-12171.html,https://www.board-worx.com/15dev/media/catalog/product//2/_/2_mystic-wetsuit-star-shorty-front-410-2015_1417084180.jpg,0,New,Mystic,'Tops',
8715738976543,"Star Mystic 3/2mm Full Wetsuit ",8715738976543,http://www.board-worx.com/15dev/weird-fish-tonala-vest-top-12171.html,https://www.board-worx.com/15dev/media/catalog/product//2/_/2_mystic-wetsuit-star-fullsuit-front-410-2015_1417079725.jpg,0,New,Mystic,'Tops',
505116500090,"Weird Fish Nuevo Tee ",505116500090,http://www.board-worx.com/15dev/weird-fish-tonala-vest-top-12171.html,https://www.board-worx.com/15dev/media/catalog/product//s/c/screen_shot_2015-03-08_at_11.18.01.png,0,New,"Weird Fish",'Tops',
887187904371,"Patagonia Adze Hybrid Jacket ",887187904371,http://www.board-worx.com/15dev/weird-fish-tonala-vest-top-12171.html,https://www.board-worx.com/15dev/media/catalog/product//s/c/screen_shot_2015-03-10_at_10.43.30.png,0,New,Patagonia,'Tops',
8715738709392,"Mystic Predator Water Helmet Grey ",8715738709392,http://www.board-worx.com/15dev/weird-fish-tonala-vest-top-12171.html,https://www.board-worx.com/15dev/media/catalog/product//3/_/3_774-mystic-helmet-predator-front-800-1415_1409839580.jpg,0,New,Mystic,'Tops',
887188556688,"Volcom Frickin Modern Stretch Short",887188556688,http://www.board-worx.com/15dev/weird-fish-tonala-vest-top-12171.html,https://www.board-worx.com/15dev/media/catalog/product//s/c/screen_shot_2015-03-10_at_12.33.31.png,0,New,Voucher,'Tops',
871573898289,"Mystic Brand 2.0 Sweat Hoody Caviar",871573898289,http://www.board-worx.com/15dev/weird-fish-tonala-vest-top-12171.html,https://www.board-worx.com/15dev/media/catalog/product//3/_/3_mystic-sweat-brand2.0-front-910-2015_1417427130.jpg,0,New,Mystic,'Tops',
8715738729012,"Mystic Brand 2.0 Sweat Hoody Grey Melee",8715738729012,http://www.board-worx.com/15dev/weird-fish-tonala-vest-top-12171.html,https://www.board-worx.com/15dev/media/catalog/product//3/_/3_mystic-sweat-brand2.0-front-832-2015_1417427131.jpg,0,New,Mystic,'Tops',
887215229900,"Volcom Frozen Regular Chino Short ",887215229900,http://www.board-worx.com/15dev/weird-fish-tonala-vest-top-12171.html,https://www.board-worx.com/15dev/media/catalog/product//s/c/screen_shot_2015-03-10_at_15.56.46.png,0,New,Volcom,'Tops',
887188334466,"Volcom Afron Tee ",887188334466,http://www.board-worx.com/15dev/weird-fish-tonala-vest-top-12171.html,https://www.board-worx.com/15dev/media/catalog/product//s/c/screen_shot_2015-03-10_at_16.19.38.png,0,New,Volcom,'Tops',
887188990033,"Volcom Full Stone Xfit Cap ",887188990033,http://www.board-worx.com/15dev/weird-fish-tonala-vest-top-12171.html,https://www.board-worx.com/15dev/media/catalog/product//s/c/screen_shot_2015-03-10_at_17.17.25.png,0,New,Volcom,'Tops',
887188571986,"Volcom Full Stone 110 Snapback Cap",887188571986,http://www.board-worx.com/15dev/weird-fish-tonala-vest-top-12171.html,https://www.board-worx.com/15dev/media/catalog/product//s/c/screen_shot_2015-03-11_at_10.51.41.png,0,New,Volcom,'Tops',
887188361372,"Volcom Full Stone 110 Snapback Cap",887188361372,http://www.board-worx.com/15dev/weird-fish-tonala-vest-top-12171.html,https://www.board-worx.com/15dev/media/catalog/product//s/c/screen_shot_2015-03-11_at_11.11.51.png,0,New,Volcom,'Tops',
887188223355,"Volcom Wellthing Jean RNS",887188223355,http://www.board-worx.com/15dev/weird-fish-tonala-vest-top-12171.html,https://www.board-worx.com/15dev/media/catalog/product//s/c/screen_shot_2015-03-11_at_11.19.45.png,0,New,Voucher,'Tops',
8715738976540,"Mystic Branded Logo T-Shirt",8715738976540,http://www.board-worx.com/15dev/weird-fish-tonala-vest-top-12171.html,https://www.board-worx.com/15dev/media/catalog/product//3/_/3_mystic-tee-brand-front-832-2015_1417437817.jpg,0,New,Mystic,'Tops',
887188006688,"Volcom Wellthing Jean VTG",887188006688,http://www.board-worx.com/15dev/weird-fish-tonala-vest-top-12171.html,https://www.board-worx.com/15dev/media/catalog/product//s/c/screen_shot_2015-03-11_at_12.27.18.png,0,New,Volcom,'Tops',
8715738004221,"Mystic Wetsuit Ankle velco straps",8715738004221,http://www.board-worx.com/15dev/weird-fish-tonala-vest-top-12171.html,https://www.board-worx.com/15dev/media/catalog/product//m/y/mystic_ankle_wetsuit_velcro_straps.jpg,0,New,Mystic,'Tops',
887188557867,"Volcom Hadley Shirt",887188557867,http://www.board-worx.com/15dev/weird-fish-tonala-vest-top-12171.html,https://www.board-worx.com/15dev/media/catalog/product//s/c/screen_shot_2015-03-11_at_12.38.26.png,0,New,Volcom,'Tops',
8715738410688,"SUP paddle blade cover",8715738410688,http://www.board-worx.com/15dev/weird-fish-tonala-vest-top-12171.html,https://www.board-worx.com/15dev/media/catalog/product//s/u/sup-blade-paddle-cover-army.jpg,0,New,Mystic,'Tops',
887188111111,"Volcom Understated Crew Jumper ",887188111111,http://www.board-worx.com/15dev/weird-fish-tonala-vest-top-12171.html,https://www.board-worx.com/15dev/media/catalog/product//s/c/screen_shot_2015-03-11_at_14.47.03.png,0,New,Volcom,'Tops',
8715739876009,"Mystic Star Buoyancy Aid Float Vest",8715739876009,http://www.board-worx.com/15dev/weird-fish-tonala-vest-top-12171.html,https://www.board-worx.com/15dev/media/catalog/product//3/_/3_mystic-floatationvest-star-front-400-2015_1422889115.jpg,0,New,Mystic,'Tops',
8715738404250,"Mystic Globe Trotter 85L large travel Bag ",8715738404250,http://www.board-worx.com/15dev/weird-fish-tonala-vest-top-12171.html,https://www.board-worx.com/15dev/media/catalog/product//m/y/mystic-globe-trotter-2-900-1415_1409844235.jpg,0,New,Mystic,'Tops',
8715738481403,"Mystic Venom Mens Boardshort ",8715738481403,http://www.board-worx.com/15dev/weird-fish-tonala-vest-top-12171.html,https://www.board-worx.com/15dev/media/catalog/product//3/_/3_mystic-boardshort-venom-front-451-2015_1417785831.jpg,0,New,Mystic,'Tops',
8715738943212,"Mystic Brand Blue Shorts",8715738943212,http://www.board-worx.com/15dev/weird-fish-tonala-vest-top-12171.html,https://www.board-worx.com/15dev/media/catalog/product//3/_/3_mystic-boardshort-brand-front-451-2015_1417785512.jpg,0,New,Mystic,'Tops',
8715738342958,"Mystic Local Cap Black",8715738342958,http://www.board-worx.com/15dev/weird-fish-tonala-vest-top-12171.html,https://www.board-worx.com/15dev/media/catalog/product//m/y/mystic_local_cap_f_900_2014_1.jpg,0,New,Mystic,'Tops',
8715738367869,"Mystic Local Cap Grey",8715738367869,http://www.board-worx.com/15dev/weird-fish-tonala-vest-top-12171.html,https://www.board-worx.com/15dev/media/catalog/product//3/_/3_mystic-cap-local-front-800-2015_1424176805_1.jpg,0,New,Mystic,'Tops',
8715738449909,"Mystic Rock Cap Blue",8715738449909,http://www.board-worx.com/15dev/weird-fish-tonala-vest-top-12171.html,https://www.board-worx.com/15dev/media/catalog/product//m/y/mystic-rock-cap-2015-summer-blue-o-s.png,0,New,Mystic,'Tops',
8715738908765,"Mystic Loose fit UV protection Rash Vest",8715738908765,http://www.board-worx.com/15dev/weird-fish-tonala-vest-top-12171.html,https://www.board-worx.com/15dev/media/catalog/product//3/_/3_mystic-rashvest-majestic-shortsleeve-front-400-2015_1416827327.jpg,0,New,Mystic,'Tops',
9008415785321,"Tahe Aqua Leo Sit on Top Kayak",9008415785321,http://www.board-worx.com/15dev/weird-fish-tonala-vest-top-12171.html,https://www.board-worx.com/15dev/media/catalog/product//a/q/aqua_leo_pe.jpg,0,New,Tootega,'Tops',
505116778822,"Weird Fish Hialeah Boardshorts Imperial Blue",505116778822,http://www.board-worx.com/15dev/weird-fish-tonala-vest-top-12171.html,https://www.board-worx.com/15dev/media/catalog/product//s/c/screen_shot_2015-03-13_at_16.05.25.png,0,New,"Weird Fish",'Tops',
505116886622,"Weird Fish Tee Moules and Seahorses Soft Port",505116886622,http://www.board-worx.com/15dev/weird-fish-tonala-vest-top-12171.html,https://www.board-worx.com/15dev/media/catalog/product//s/c/screen_shot_2015-03-14_at_10.53.32.png,0,New,"Weird Fish",'Tops',
505116112200,"Weird Fish Paz Woven Jaquard Dress ",505116112200,http://www.board-worx.com/15dev/weird-fish-tonala-vest-top-12171.html,https://www.board-worx.com/15dev/media/catalog/product//s/c/screen_shot_2015-03-14_at_11.47.19.png,0,New,"Weird Fish",'Tops',
505116996633,"Weird Fish Tee Brewery ",505116996633,http://www.board-worx.com/15dev/weird-fish-tonala-vest-top-12171.html,https://www.board-worx.com/15dev/media/catalog/product//s/c/screen_shot_2015-03-14_at_12.40.50.png,0,New,"Weird Fish",'Tops',
887188884400,"Volcom Stringer Leather Belt Brown",887188884400,http://www.board-worx.com/15dev/weird-fish-tonala-vest-top-12171.html,https://www.board-worx.com/15dev/media/catalog/product//s/c/screen_shot_2015-03-14_at_13.36.08.png,0,New,Volcom,'Tops',
887188556611,"Volcom Westport Crew Tee ",887188556611,http://www.board-worx.com/15dev/weird-fish-tonala-vest-top-12171.html,https://www.board-worx.com/15dev/media/catalog/product//s/c/screen_shot_2015-03-14_at_14.43.19.png,0,New,Volcom,'Tops',
887188331122,"Volcom Pulli Zip Hoody Burnt Sienna",887188331122,http://www.board-worx.com/15dev/weird-fish-tonala-vest-top-12171.html,https://www.board-worx.com/15dev/media/catalog/product//s/c/screen_shot_2015-03-14_at_15.20.01.png,0,New,Volcom,'Tops',
887188999900,"Volcom Mapstone Tee",887188999900,http://www.board-worx.com/15dev/weird-fish-tonala-vest-top-12171.html,https://www.board-worx.com/15dev/media/catalog/product//s/c/screen_shot_2015-03-14_at_16.19.40.png,0,New,Volcom,'Tops',
887188993388,"Volcom Fieldstone Cargo Shorts ",887188993388,http://www.board-worx.com/15dev/weird-fish-tonala-vest-top-12171.html,https://www.board-worx.com/15dev/media/catalog/product//s/c/screen_shot_2015-03-14_at_17.02.45.png,0,New,Volcom,'Tops',
887188111166,"Volcom Flag Tee ",887188111166,http://www.board-worx.com/15dev/weird-fish-tonala-vest-top-12171.html,https://www.board-worx.com/15dev/media/catalog/product//s/c/screen_shot_2015-03-15_at_11.18.44.png,0,New,Volcom,'Tops',
887188469740,"Volcom Badge 110 ADJ Cap",887188469740,http://www.board-worx.com/15dev/weird-fish-tonala-vest-top-12171.html,https://www.board-worx.com/15dev/media/catalog/product//s/c/screen_shot_2015-03-15_at_11.52.29.png,0,New,Volcom,'Tops',
887188883355,"Volcom Triad Tee ",887188883355,http://www.board-worx.com/15dev/weird-fish-tonala-vest-top-12171.html,https://www.board-worx.com/15dev/media/catalog/product//s/c/screen_shot_2015-03-17_at_13.27.59.png,0,New,Volcom,'Tops',
887188676767,"Volcom Westport Tank ",887188676767,http://www.board-worx.com/15dev/weird-fish-tonala-vest-top-12171.html,https://www.board-worx.com/15dev/media/catalog/product//s/c/screen_shot_2015-03-17_at_14.03.06.png,0,New,Volcom,'Tops',
887537998877,"Fox Mr Clean Zip Hoody ",887537998877,http://www.board-worx.com/15dev/weird-fish-tonala-vest-top-12171.html,https://www.board-worx.com/15dev/media/catalog/product//s/c/screen_shot_2015-03-17_at_16.57.51.png,0,New,Fox,'Tops',
505116881144,"Weird Fish Lateen Tee Blue Surf ",505116881144,http://www.board-worx.com/15dev/weird-fish-tonala-vest-top-12171.html,https://www.board-worx.com/15dev/media/catalog/product//s/c/screen_shot_2015-03-18_at_14.11.16.png,0,New,"Weird Fish",'Tops',
5051165774433,"Weird Fish Regiment Fatique Shorts Dark Navy",5051165774433,http://www.board-worx.com/15dev/weird-fish-tonala-vest-top-12171.html,https://www.board-worx.com/15dev/media/catalog/product//s/c/screen_shot_2015-03-18_at_15.35.35.png,0,New,"Weird Fish",'Tops',
887537008800,"Fox Ridge Premium Tee ",887537008800,http://www.board-worx.com/15dev/weird-fish-tonala-vest-top-12171.html,https://www.board-worx.com/15dev/media/catalog/product//s/c/screen_shot_2015-03-18_at_16.35.38.png,0,New,Fox,'Tops',
887188572259,"Volcom Corps Wallet leather Red",887188572259,http://www.board-worx.com/15dev/weird-fish-tonala-vest-top-12171.html,https://www.board-worx.com/15dev/media/catalog/product//r/e/red_volcom_wallet.jpg,0,New,Volcom,'Tops',
887188572242,"Volcom Corps Wallet leather Black",887188572242,http://www.board-worx.com/15dev/weird-fish-tonala-vest-top-12171.html,https://www.board-worx.com/15dev/media/catalog/product//v/o/volcom_black_corps_wallet.jpg,0,New,Volcom,'Tops',
887537001166,"Fox Swingarm Tech Tee ",887537001166,http://www.board-worx.com/15dev/weird-fish-tonala-vest-top-12171.html,https://www.board-worx.com/15dev/media/catalog/product//s/c/screen_shot_2015-03-18_at_17.12.11.png,0,New,Fox,'Tops',
9339740016394,"Creatures Panel Charcoal tail Pad",9339740016394,http://www.board-worx.com/15dev/weird-fish-tonala-vest-top-12171.html,https://www.board-worx.com/15dev/media/catalog/product//6/1/61lhwpkcygl._sl1000_.jpg,0,New,Creatures,'Tops',
9340935765421,"C-Skins 4mm Neoprene Sox ",9340935765421,http://www.board-worx.com/15dev/weird-fish-tonala-vest-top-12171.html,https://www.board-worx.com/15dev/media/catalog/product//p/o/poly_pro_bodyboard_socks.jpg,0,New,C-Skins,'Tops',
6581008765091,"Reef Chakas Coral Aqua Ladies Sandals",6581008765091,http://www.board-worx.com/15dev/weird-fish-tonala-vest-top-12171.html,https://www.board-worx.com/15dev/media/catalog/product//r/e/reef-flip-flops-reef-chakras-flip-flops-coral-aqua.jpg,0,New,Reef,'Tops',
5054147890234,"Animal Ladies Swish Upper AOP Peacoat Flip flops",5054147890234,http://www.board-worx.com/15dev/weird-fish-tonala-vest-top-12171.html,https://www.board-worx.com/15dev/media/catalog/product//a/n/animal-flip-flops-animal-swish-upper-aop-flip-flops-peacoat.jpg,0,New,Animal,'Tops',
5054141572983,"Animal 125l Split Roller Bag Charcoal Flowers",5054141572983,http://www.board-worx.com/15dev/weird-fish-tonala-vest-top-12171.html,https://www.board-worx.com/15dev/media/catalog/product//a/n/animal-luggage-animal-lana-roller-holdall-luggage-charcoal.jpg,0,New,Animal,'Tops',
5054147890231," Animal Mens Jekyl Flip flops",5054147890231,http://www.board-worx.com/15dev/weird-fish-tonala-vest-top-12171.html,https://www.board-worx.com/15dev/media/catalog/product//j/e/jekyl-logo.jpg,0,New,Animal,'Tops',
5054147898123,"Animal Fader mens Flip Flop Brown",5054147898123,http://www.board-worx.com/15dev/weird-fish-tonala-vest-top-12171.html,https://www.board-worx.com/15dev/media/catalog/product//a/n/animal-flip-flop.fader.jpg,0,New,Animal,'Tops',
5054147764321," Animal Swish Slim women\'s flip flops Black",5054147764321,http://www.board-worx.com/15dev/weird-fish-tonala-vest-top-12171.html,https://www.board-worx.com/15dev/media/catalog/product//s/w/swish-slim-black.jpg,0,New,Animal,'Tops',
5054141574499,"Animal single seat Cover Camo Palm Tree",5054141574499,http://www.board-worx.com/15dev/weird-fish-tonala-vest-top-12171.html,https://www.board-worx.com/15dev/media/catalog/product//a/n/animal_camo_seat_cover.jpg,0,New,Animal,'Tops',
5054141574505,"Animal Double seat Cover Camo Palm Tree",5054141574505,http://www.board-worx.com/15dev/weird-fish-tonala-vest-top-12171.html,https://www.board-worx.com/15dev/media/catalog/product//a/n/animal_double_van_seat_cover.jpg,0,New,Animal,'Tops',
5054141574451,"Animal Flynn Black Beach Towel ",5054141574451,http://www.board-worx.com/15dev/weird-fish-tonala-vest-top-12171.html,https://www.board-worx.com/15dev/media/catalog/product//f/l/flynn.jpg,0,New,Animal,'Tops',
5054141627478,"Animal hooded Poncho Towel",5054141627478,http://www.board-worx.com/15dev/weird-fish-tonala-vest-top-12171.html,https://www.board-worx.com/15dev/media/catalog/product//h/o/hood_animal_towel_poncho.jpg,0,New,Animal,'Tops',
5054141574468,"Animal Flynn Pink Beach Towel ",5054141574468,http://www.board-worx.com/15dev/weird-fish-tonala-vest-top-12171.html,https://www.board-worx.com/15dev/media/catalog/product//f/l/flynnp.jpg,0,New,Animal,'Tops',
9008415558520,"Ion Uphaul Windsurfing",9008415558520,http://www.board-worx.com/15dev/weird-fish-tonala-vest-top-12171.html,https://www.board-worx.com/15dev/media/catalog/product//i/o/ion_uphaul.jpg,0,New,ION,'Tops',
9008415514779,"Ibase 2.0 Inclunding North Long Pin Windsurfing",9008415514779,http://www.board-worx.com/15dev/weird-fish-tonala-vest-top-12171.html,https://www.board-worx.com/15dev/media/catalog/product//i/b/ibase-2.0.jpg,0,New,North,'Tops',
9008415557912,"Ion Core Windsurfing Bag 255-85cm",9008415557912,http://www.board-worx.com/15dev/weird-fish-tonala-vest-top-12171.html,https://www.board-worx.com/15dev/media/catalog/product//i/o/ion_core_windsurfing_bag.jpg,0,New,ION,'Tops',
5054141572082,"Animal Penrith Summer men\'s backpack Kahki",5054141572082,http://www.board-worx.com/15dev/weird-fish-tonala-vest-top-12171.html,https://www.board-worx.com/15dev/media/catalog/product//p/e/penrith-20-litre.jpg,0,New,Animal,'Tops',
5054141573799,"Molass men\'s Animal adjustable cap",5054141573799,http://www.board-worx.com/15dev/weird-fish-tonala-vest-top-12171.html,https://www.board-worx.com/15dev/media/catalog/product//m/o/molass.jpg,0,New,Animal,'Tops',
5054141573843," Animal Naplee men\'s  adjustable cap",5054141573843,http://www.board-worx.com/15dev/weird-fish-tonala-vest-top-12171.html,https://www.board-worx.com/15dev/media/catalog/product//n/a/naplee.jpg,0,New,Animal,'Tops',
5054141573980,"Veroo men\'s Animal bucket hat",5054141573980,http://www.board-worx.com/15dev/weird-fish-tonala-vest-top-12171.html,https://www.board-worx.com/15dev/media/catalog/product//v/e/veroo.jpg,0,New,Animal,'Tops',
5054141573997,"Vilano men\'s Animal bush hat Olive",5054141573997,http://www.board-worx.com/15dev/weird-fish-tonala-vest-top-12171.html,https://www.board-worx.com/15dev/media/catalog/product//v/i/vilano.jpg,0,New,Animal,'Tops',
5054141212345,"Women\'s Rei Animal full zip hoodie",5054141212345,http://www.board-worx.com/15dev/weird-fish-tonala-vest-top-12171.html,https://www.board-worx.com/15dev/media/catalog/product//r/e/rei.jpg,0,New,Animal,'Tops',
5054141573126,"Den men\'s Animal polyester trifold wallet",5054141573126,http://www.board-worx.com/15dev/weird-fish-tonala-vest-top-12171.html,https://www.board-worx.com/15dev/media/catalog/product//d/e/den-wallet_1.jpg,0,New,Animal,'Tops',
5054141573478,"Buziosi women\'s Animal zip round purse",5054141573478,http://www.board-worx.com/15dev/weird-fish-tonala-vest-top-12171.html,https://www.board-worx.com/15dev/media/catalog/product//b/u/buziosi.jpg,0,New,Animal,'Tops',
5054149087667,"Women\'s Faize Animal boardshorts Peacoat",5054149087667,http://www.board-worx.com/15dev/weird-fish-tonala-vest-top-12171.html,https://www.board-worx.com/15dev/media/catalog/product//f/a/faize_shorts.jpg,0,New,Animal,'Tops',
5054147666789,"Women\'s Ayita Animal t-shirt",5054147666789,http://www.board-worx.com/15dev/weird-fish-tonala-vest-top-12171.html,https://www.board-worx.com/15dev/media/catalog/product//a/y/ayita.jpg,0,New,Animal,'Tops',
5054141581640,"Women\'s Ayita Animal t-shirt Uk 8",5054141581640,http://www.board-worx.com/15dev/weird-fish-tonala-vest-top-12171.html,https://www.board-worx.com/15dev/media/catalog/product/no_selection,0,New,Animal,'Tops',
5054141581657,"Women\'s Ayita Animal t-shirt Uk 10",5054141581657,http://www.board-worx.com/15dev/weird-fish-tonala-vest-top-12171.html,https://www.board-worx.com/15dev/media/catalog/product/no_selection,0,New,Animal,'Tops',
5054141581664,"Women\'s Ayita Animal t-shirt Uk 12",5054141581664,http://www.board-worx.com/15dev/weird-fish-tonala-vest-top-12171.html,https://www.board-worx.com/15dev/media/catalog/product/no_selection,0,New,Animal,'Tops',
5054141581671,"Women\'s Ayita Animal t-shirt Uk 14",5054141581671,http://www.board-worx.com/15dev/weird-fish-tonala-vest-top-12171.html,https://www.board-worx.com/15dev/media/catalog/product/no_selection,0,New,Animal,'Tops',
5054141581688,"Women\'s Ayita Animal t-shirt Uk 16",5054141581688,http://www.board-worx.com/15dev/weird-fish-tonala-vest-top-12171.html,https://www.board-worx.com/15dev/media/catalog/product/no_selection,0,New,Animal,'Tops',
5054148909876,"Gelly Animal women\'s cargo shorts",5054148909876,http://www.board-worx.com/15dev/weird-fish-tonala-vest-top-12171.html,https://www.board-worx.com/15dev/media/catalog/product//g/e/gelly_animal_shorts.jpg,0,New,Animal,'Tops',
5054141574130,"Hattie women\'s Animal straw cowboy hat",5054141574130,http://www.board-worx.com/15dev/weird-fish-tonala-vest-top-12171.html,https://www.board-worx.com/15dev/media/catalog/product//h/a/hattie.jpg,0,New,Animal,'Tops',
5054141574123,"Animal  Toula women\'s straw cowboy hat ",5054141574123,http://www.board-worx.com/15dev/weird-fish-tonala-vest-top-12171.html,https://www.board-worx.com/15dev/media/catalog/product//t/o/toula.jpg,0,New,Animal,'Tops',
5054141574116,"Animal  Liana women\'s straw trilby hat",5054141574116,http://www.board-worx.com/15dev/weird-fish-tonala-vest-top-12171.html,https://www.board-worx.com/15dev/media/catalog/product//l/i/liana_animal_hat.jpg,0,New,Animal,'Tops',
5054141574000,"Logen Animal straw hat",5054141574000,http://www.board-worx.com/15dev/weird-fish-tonala-vest-top-12171.html,https://www.board-worx.com/15dev/media/catalog/product//l/o/logen-animal_hat.jpg,0,New,Animal,'Tops',
5054141572341,"Animal  Alouet backpack ladies",5054141572341,http://www.board-worx.com/15dev/weird-fish-tonala-vest-top-12171.html,https://www.board-worx.com/15dev/media/catalog/product//a/l/alouet-20-litre_animal_bag.jpg,0,New,Animal,'Tops',
5054141626129,"Animal Carly women\'s medium cross body bag",5054141626129,http://www.board-worx.com/15dev/weird-fish-tonala-vest-top-12171.html,https://www.board-worx.com/15dev/media/catalog/product//c/a/carly_animal_bag.jpg,0,New,Animal,'Tops',
5054141572662,"Animal Bria women\'s small cross body bag",5054141572662,http://www.board-worx.com/15dev/weird-fish-tonala-vest-top-12171.html,https://www.board-worx.com/15dev/media/catalog/product//b/r/bria_animal_cross_shoulder_bag.jpg,0,New,Animal,'Tops',
5054141626181,"Animal Cade women\'s small cross body bag",5054141626181,http://www.board-worx.com/15dev/weird-fish-tonala-vest-top-12171.html,https://www.board-worx.com/15dev/media/catalog/product//c/a/cade_animal_bag_ladies.jpg,0,New,Animal,'Tops',
5054148999098,"Animal Men\'s Leafed t-shirt",5054148999098,http://www.board-worx.com/15dev/weird-fish-tonala-vest-top-12171.html,https://www.board-worx.com/15dev/media/catalog/product//l/e/leafed_animal_t-shirt_1.jpg,0,New,Animal,'Tops',
5054141574482,"Animal Junior Girls Poncho Towel Multi Colour ",5054141574482,http://www.board-worx.com/15dev/weird-fish-tonala-vest-top-12171.html,https://www.board-worx.com/15dev/media/catalog/product//l/u/lunaa.jpg,0,New,Animal,'Tops',
5054146755698,"Animal Zip Through Hoody Mens",5054146755698,http://www.board-worx.com/15dev/weird-fish-tonala-vest-top-12171.html,https://www.board-worx.com/15dev/media/catalog/product//2/3/23_cl5sg100_z28.jpg,0,New,Animal,'Tops',
5054141566951,"Animal Alabama Black / Pink women\'s webbing belt",5054141566951,http://www.board-worx.com/15dev/weird-fish-tonala-vest-top-12171.html,https://www.board-worx.com/15dev/media/catalog/product//b/t/bt5sg300_002-l.jpg,0,New,Animal,'Tops',
5054141566968,"Animal Alabama  Kharki / Pink women\'s webbing belt",5054141566968,http://www.board-worx.com/15dev/weird-fish-tonala-vest-top-12171.html,https://www.board-worx.com/15dev/media/catalog/product//b/t/bt5sg300_z64-l_1.jpg,0,New,Animal,'Tops',
5054141565091,"Animal Maud men\'s webbing belt",5054141565091,http://www.board-worx.com/15dev/weird-fish-tonala-vest-top-12171.html,https://www.board-worx.com/15dev/media/catalog/product//m/a/maud.jpg,0,New,Animal,'Tops',
5054141564643,"Animal Scotia men\'s webbing belt",5054141564643,http://www.board-worx.com/15dev/weird-fish-tonala-vest-top-12171.html,https://www.board-worx.com/15dev/media/catalog/product//s/c/scotia.jpg,0,New,Animal,'Tops',
AML1026740SHA04," Aspel Women\'s Animal top Charcoal",AML1026740SHA04,http://www.board-worx.com/15dev/weird-fish-tonala-vest-top-12171.html,https://www.board-worx.com/15dev/media/catalog/product//a/s/aspel.jpg,0,New,Animal,'Tops',
AML1026962SPA01,"Animal Women\'s Garcia walkshorts",AML1026962SPA01,http://www.board-worx.com/15dev/weird-fish-tonala-vest-top-12171.html,https://www.board-worx.com/15dev/media/catalog/product//a/n/animal_garcia_shorts.jpg,0,New,Animal,'Tops',
amli026760bri06,"Animal Florianne Womens Boardshorts Peacoat",amli026760bri06,http://www.board-worx.com/15dev/weird-fish-tonala-vest-top-12171.html,https://www.board-worx.com/15dev/media/catalog/product//f/l/florianne.jpg,0,New,Animal,'Tops',
5054141629100,"Animal Belos Swim Shorts Hawaiian Blue",5054141629100,http://www.board-worx.com/15dev/weird-fish-tonala-vest-top-12171.html,https://www.board-worx.com/15dev/media/catalog/product//b/e/belos.jpg,0,New,Animal,'Tops',
AML1027119CH104,"Animal Men\'s Latero surf t-shirt",AML1027119CH104,http://www.board-worx.com/15dev/weird-fish-tonala-vest-top-12171.html,https://www.board-worx.com/15dev/media/catalog/product//l/a/latero_animal_rash_vest.jpg,0,New,Animal,'Tops',
AML1026758BR106,"Animal Faren Surf Board Shorts ",AML1026758BR106,http://www.board-worx.com/15dev/weird-fish-tonala-vest-top-12171.html,https://www.board-worx.com/15dev/media/catalog/product//l/a/ladies-boardshorts-animal.jpg,0,New,Animal,'Tops',
5054146789321,"Animal Men\'s Lukeys T-shirt",5054146789321,http://www.board-worx.com/15dev/weird-fish-tonala-vest-top-12171.html,https://www.board-worx.com/15dev/media/catalog/product//a/n/animal-t-shirt-lukeys.jpg,0,New,Animal,'Tops',
847142029250,"Stance Millhouse Socks L-XL",847142029250,http://www.board-worx.com/15dev/weird-fish-tonala-vest-top-12171.html,https://www.board-worx.com/15dev/media/catalog/product//m/i/millhouse_stance_socks.jpg,0,New,Stance,'Tops',
AML1027508WEL02,"Animal Women\'s Pennie-May halterneck tankini ",AML1027508WEL02,http://www.board-worx.com/15dev/weird-fish-tonala-vest-top-12171.html,https://www.board-worx.com/15dev/media/catalog/product//p/e/pennie-may.jpg,0,New,Animal,'Tops',
AML1027130TIA01,"Animal Women\'s Camea vest ",AML1027130TIA01,http://www.board-worx.com/15dev/weird-fish-tonala-vest-top-12171.html,https://www.board-worx.com/15dev/media/catalog/product//a/n/animal-vest-camea.jpg,0,New,Animal,'Tops',
CLSG045879,"Animal Men\'s Lomos t-shirt ",CLSG045879,http://www.board-worx.com/15dev/weird-fish-tonala-vest-top-12171.html,https://www.board-worx.com/15dev/media/catalog/product//a/n/animal-lomos.jpg,0,New,Animal,'Tops',
AMLI0271870RO01,"Animal Men\'s Loyale t-shirt Indigo",AMLI0271870RO01,http://www.board-worx.com/15dev/weird-fish-tonala-vest-top-12171.html,https://www.board-worx.com/15dev/media/catalog/product//a/n/animal_loyale.jpg,0,New,Animal,'Tops',
AMLI027095TIA01,"Animal Men\'s Yasalla vest",AMLI027095TIA01,http://www.board-worx.com/15dev/weird-fish-tonala-vest-top-12171.html,https://www.board-worx.com/15dev/media/catalog/product//y/a/yasalla.jpg,0,New,Animal,'Tops',
AMLI027214ORO01,"Animal Men\'s Yah vest",AMLI027214ORO01,http://www.board-worx.com/15dev/weird-fish-tonala-vest-top-12171.html,https://www.board-worx.com/15dev/media/catalog/product//a/n/animal-vest-yah.jpg,0,New,Animal,'Tops',
8715737654321,"Mystic Star Womans Rash vest L / Sleeve",8715737654321,http://www.board-worx.com/15dev/weird-fish-tonala-vest-top-12171.html,https://www.board-worx.com/15dev/media/catalog/product//m/y/mystic-rash-vests-mystic-women-s-star-long-sleeve-rash-vest-black_1.jpg,0,New,Mystic,'Tops',
610934901245,"Dakine vert Wallet Hawthorne",610934901245,http://www.board-worx.com/15dev/weird-fish-tonala-vest-top-12171.html,https://www.board-worx.com/15dev/media/catalog/product//d/a/dakine_vert_wallet_mens.jpg,0,New,Dakine,'Tops',
610934901672,"Dakine POV Gopro small camera case",610934901672,http://www.board-worx.com/15dev/weird-fish-tonala-vest-top-12171.html,https://www.board-worx.com/15dev/media/catalog/product//d/a/dakine-pov-case-phoenix-2015.jpg,0,New,Dakine,'Tops',
610934904789,"EQ Bag 51L Sailing wetsuit Bag",610934904789,http://www.board-worx.com/15dev/weird-fish-tonala-vest-top-12171.html,https://www.board-worx.com/15dev/media/catalog/product//d/a/dakine-eqbag51l-blackpolyripstop.jpg,0,New,Dakine,'Tops',
610934726176,"DAKINE Wonder Backpack 15L Black",610934726176,http://www.board-worx.com/15dev/weird-fish-tonala-vest-top-12171.html,https://www.board-worx.com/15dev/media/catalog/product//d/a/dakine_wonder_pack_15l.jpg,0,New,Dakine,'Tops',
610934901313,"Dakine vert Wallet Black",610934901313,http://www.board-worx.com/15dev/weird-fish-tonala-vest-top-12171.html,https://www.board-worx.com/15dev/media/catalog/product//2/0/2015s-08820206-vertrailwallet-black.jpg,0,New,Dakine,'Tops',
610934901290,"Dakine vert Wallet Ruins",610934901290,http://www.board-worx.com/15dev/weird-fish-tonala-vest-top-12171.html,https://www.board-worx.com/15dev/media/catalog/product//d/a/dakine_ruins_wallet_vert.jpg,0,New,Dakine,'Tops',
610934899252,"Dakine Jive ladies Bag Oceanic",610934899252,http://www.board-worx.com/15dev/weird-fish-tonala-vest-top-12171.html,https://www.board-worx.com/15dev/media/catalog/product//j/i/jive_dakine_ladies_bage-oceanic.jpg,0,New,Dakine,'Tops',
610934899269,"Dakine Jive ladies Bag Rhapsody",610934899269,http://www.board-worx.com/15dev/weird-fish-tonala-vest-top-12171.html,https://www.board-worx.com/15dev/media/catalog/product//d/a/dakine_jive_bag_ladies_rhapsody.jpg,0,New,Dakine,'Tops',
6109348945342,"Dakine T7 windsurfing Harness",6109348945342,http://www.board-worx.com/15dev/weird-fish-tonala-vest-top-12171.html,https://www.board-worx.com/15dev/media/catalog/product//d/a/dakine_t7_windsurfing__harness.jpg,0,New,Dakine,'Tops',
610934774979,"Dakine Grey No Zone Surf Beach Hat",610934774979,http://www.board-worx.com/15dev/weird-fish-tonala-vest-top-12171.html,https://www.board-worx.com/15dev/media/catalog/product//d/a/dakine_grey_no_zone_hat.jpg,0,New,Dakine,'Tops',
6109345678121,"Dakine Pyro Maniac Kitesurfing Harness",6109345678121,http://www.board-worx.com/15dev/weird-fish-tonala-vest-top-12171.html,https://www.board-worx.com/15dev/media/catalog/product//p/r/pryro_mania_kitesurfing-_harness.jpg,0,New,Dakine,'Tops',
6109348899765,"Dakine Down wind Navy Shorts",6109348899765,http://www.board-worx.com/15dev/weird-fish-tonala-vest-top-12171.html,https://www.board-worx.com/15dev/media/catalog/product//d/a/dakine_shorts-downwind-navy.jpg,0,New,Dakine,'Tops',
6109349087656,"Dakine Tradewind Black Walk Shorts",6109349087656,http://www.board-worx.com/15dev/weird-fish-tonala-vest-top-12171.html,https://www.board-worx.com/15dev/media/catalog/product//2/0/2015s-07100005-tradewind-black.jpg,0,New,Dakine,'Tops',
6109368976323,"Dakine Hunter Camo Shorts",6109368976323,http://www.board-worx.com/15dev/weird-fish-tonala-vest-top-12171.html,https://www.board-worx.com/15dev/media/catalog/product//2/0/2015s-07100001-hunter-camo.jpg,0,New,Dakine,'Tops',
6109348765342,"Dakine Beach Park Burgundy",6109348765342,http://www.board-worx.com/15dev/weird-fish-tonala-vest-top-12171.html,https://www.board-worx.com/15dev/media/catalog/product//2/0/2015s-07100006-beachpark-burgundy.jpg,0,New,Dakine,'Tops',
505414229911,"Animal Asta Boxers 3 pack",505414229911,http://www.board-worx.com/15dev/weird-fish-tonala-vest-top-12171.html,https://www.board-worx.com/15dev/media/catalog/product//s/c/screen_shot_2015-03-31_at_15.41.14.png,0,New,Animal,'Tops',
6109348777643,"Dakine Distortion pacific Board Shorts",6109348777643,http://www.board-worx.com/15dev/weird-fish-tonala-vest-top-12171.html,https://www.board-worx.com/15dev/media/catalog/product//2/0/2015s-07000002-distortion-pacific.jpg,0,New,Dakine,'Tops',
6109348912345,"Dakine Kahuna Burgundy Boardshorts",6109348912345,http://www.board-worx.com/15dev/weird-fish-tonala-vest-top-12171.html,https://www.board-worx.com/15dev/media/catalog/product//2/0/2015s-07000012-kahuna-burgundy.jpg,0,New,Dakine,'Tops',
6109348787653,"Dakine Downtown Black Walk Shorts",6109348787653,http://www.board-worx.com/15dev/weird-fish-tonala-vest-top-12171.html,https://www.board-worx.com/15dev/media/catalog/product//d/a/dakine_downtown_black_shorts.jpg,0,New,Dakine,'Tops',
6109349876789,"Dakine Beach Boy Black Board Shorts",6109349876789,http://www.board-worx.com/15dev/weird-fish-tonala-vest-top-12171.html,https://www.board-worx.com/15dev/media/catalog/product//d/a/dakine_beah_boy_black_shorts.jpg,0,New,Dakine,'Tops',
840362100990,"Slingshot 2014 Anodized Clam Cleat w/4mm Screw",840362100990,http://www.board-worx.com/15dev/weird-fish-tonala-vest-top-12171.html,https://www.board-worx.com/15dev/media/catalog/product//s/l/slingshot_2014_anodized_clam_cleat_w_4mm_screw.jpg,0,New,Slingshot,'Tops',
6109348778901,"Dakine Original Burgundy Hoody",6109348778901,http://www.board-worx.com/15dev/weird-fish-tonala-vest-top-12171.html,https://www.board-worx.com/15dev/media/catalog/product//d/a/dakine_original_hoody_burgundy.jpg,0,New,Dakine,'Tops',
610934901665,"Dakine DLX POV Case Phonix",610934901665,http://www.board-worx.com/15dev/weird-fish-tonala-vest-top-12171.html,https://www.board-worx.com/15dev/media/catalog/product//d/l/dlx_pov_gopro_case.jpg,0,New,Dakine,'Tops',
610934280272,"Dakine Roof Rack pads",610934280272,http://www.board-worx.com/15dev/weird-fish-tonala-vest-top-12171.html,https://www.board-worx.com/15dev/media/catalog/product//d/a/dakine_rack_pad_15_short_roof_rack.jpg,0,New,Dakine,'Tops',
6109348999098,"Dakine Watermen Roylheathr T-shirt",6109348999098,http://www.board-worx.com/15dev/weird-fish-tonala-vest-top-12171.html,https://www.board-worx.com/15dev/media/catalog/product//w/a/watermen_roylheather.jpg,0,New,Dakine,'Tops',
6109348912342,"Dakine Black Sand Board Shorts",6109348912342,http://www.board-worx.com/15dev/weird-fish-tonala-vest-top-12171.html,https://www.board-worx.com/15dev/media/catalog/product//2/0/2015s-07000003-blacksand-black.jpg,0,New,Dakine,'Tops',
6109347671234,"Dakine Classic T-shirt Grey",6109347671234,http://www.board-worx.com/15dev/weird-fish-tonala-vest-top-12171.html,https://www.board-worx.com/15dev/media/catalog/product//2/0/2015s-08501182-classic-athltchthr.jpg,0,New,Dakine,'Tops',
6109349871212,"Dakine Split Black T-shirt",6109349871212,http://www.board-worx.com/15dev/weird-fish-tonala-vest-top-12171.html,https://www.board-worx.com/15dev/media/catalog/product//2/0/2015s-08501408-split-black.jpg,0,New,Dakine,'Tops',
6109345654321,"Dakine Hi Life Navy T-shirt",6109345654321,http://www.board-worx.com/15dev/weird-fish-tonala-vest-top-12171.html,https://www.board-worx.com/15dev/media/catalog/product//d/a/dakine_hi_life_t_shirt.jpg,0,New,Dakine,'Tops',
8715738404403,"Mystic quick Dry Towel",8715738404403,http://www.board-worx.com/15dev/weird-fish-tonala-vest-top-12171.html,https://www.board-worx.com/15dev/media/catalog/product//m/y/mystic_quick_dry_towel.jpg,0,New,Mystic,'Tops',
8715738374096,"Mystic SUP Adjustable Paddle Cover 1.9-2.5M BLACK",8715738374096,http://www.board-worx.com/15dev/weird-fish-tonala-vest-top-12171.html,https://www.board-worx.com/15dev/media/catalog/product//m/y/mystic_sup_paddle_cover.jpg,0,New,Mystic,'Tops',
8715738712345,"10ft Mystic SUP Coiled Leash",8715738712345,http://www.board-worx.com/15dev/weird-fish-tonala-vest-top-12171.html,https://www.board-worx.com/15dev/media/catalog/product//m/y/mystic_sup_coiled_leash.jpg,0,New,Mystic,'Tops',
8715733345671,"10ft Mystic SUP straight ankle Leash",8715733345671,http://www.board-worx.com/15dev/weird-fish-tonala-vest-top-12171.html,https://www.board-worx.com/15dev/media/catalog/product//s/u/sup_leash_mystic.jpg,0,New,Mystic,'Tops',
505414221144,"Animal Agouras Walkshorts Sand",505414221144,http://www.board-worx.com/15dev/weird-fish-tonala-vest-top-12171.html,https://www.board-worx.com/15dev/media/catalog/product//s/c/screen_shot_2015-04-03_at_13.26.27.png,0,New,Animal,'Tops',
505414889900,"Animal Banta Swim Shorts Asphalt Grey",505414889900,http://www.board-worx.com/15dev/weird-fish-tonala-vest-top-12171.html,https://www.board-worx.com/15dev/media/catalog/product//s/c/screen_shot_2015-04-04_at_11.10.33.png,0,New,Animal,'Tops',
888336000982,"Slingshot Rally 2015 Kite",888336000982,http://www.board-worx.com/15dev/weird-fish-tonala-vest-top-12171.html,https://www.board-worx.com/15dev/media/catalog/product//k/i/kite_rally.png,0,New,Slingshot,'Tops',
6108945678901,"Slingshot RPM 2015 Kitesurfing Kite",6108945678901,http://www.board-worx.com/15dev/weird-fish-tonala-vest-top-12171.html,https://www.board-worx.com/15dev/media/catalog/product//s/l/slingshot_rpm_2015.png,0,New,Slingshot,'Tops',
6108945678989,"Slingshot Turbine 2015 Kite Kitesurfing",6108945678989,http://www.board-worx.com/15dev/weird-fish-tonala-vest-top-12171.html,https://www.board-worx.com/15dev/media/catalog/product//t/u/turbine_slingshot_kite.png,0,New,Slingshot,'Tops',
887537992266,"Fox Instant Tech Tee Heather Aqua",887537992266,http://www.board-worx.com/15dev/weird-fish-tonala-vest-top-12171.html,https://www.board-worx.com/15dev/media/catalog/product//s/c/screen_shot_2015-04-04_at_11.25.24_1.png,0,New,Fox,'Tops',
6108946667321,"North rebel 2015 Kitesurfing Kite",6108946667321,http://www.board-worx.com/15dev/weird-fish-tonala-vest-top-12171.html,https://www.board-worx.com/15dev/media/catalog/product//n/o/north_rebel_blue.png,0,New,North,'Tops',
6108934567892,"F-one Bandit 8 Kitesurfing kite 2015",6108934567892,http://www.board-worx.com/15dev/weird-fish-tonala-vest-top-12171.html,https://www.board-worx.com/15dev/media/catalog/product//f/-/f-one-bandit-8-2015_1.jpg,0,New,F-One,'Tops',
505414993355,"Animal Belos Swim Shorts Indigo",505414993355,http://www.board-worx.com/15dev/weird-fish-tonala-vest-top-12171.html,https://www.board-worx.com/15dev/media/catalog/product//s/c/screen_shot_2015-04-04_at_14.19.28.png,0,New,Animal,'Tops',
633523990088,"Fox Slambozo Cargo Shorts Charcoal",633523990088,http://www.board-worx.com/15dev/weird-fish-tonala-vest-top-12171.html,https://www.board-worx.com/15dev/media/catalog/product//0/4/04575028_1.png,0,New,Fox,'Tops',
887537443344,"Fox Overhead Boardshorts Fluorescent Orange",887537443344,http://www.board-worx.com/15dev/weird-fish-tonala-vest-top-12171.html,https://www.board-worx.com/15dev/media/catalog/product//s/c/screen_shot_2015-04-04_at_16.40.04.png,0,New,Fox,'Tops',
8715738342354,"Mystic Pro kiteboard Wave 180cm wheeled Board Bag",8715738342354,http://www.board-worx.com/15dev/weird-fish-tonala-vest-top-12171.html,https://www.board-worx.com/15dev/media/catalog/product//m/y/mysticprokitewaveboardbag.jpg,0,New,Mystic,'Tops',
8715738342378,"Mystic Pro kiteboard Wave 200cm wheeled Board Bag",8715738342378,http://www.board-worx.com/15dev/weird-fish-tonala-vest-top-12171.html,https://www.board-worx.com/15dev/media/catalog/product//m/y/mystic_pro_wave_board_bag_2_1.jpg,0,New,Mystic,'Tops',
6048047891011,"Kitefix inflation Hose tube Kite Kit",6048047891011,http://www.board-worx.com/15dev/weird-fish-tonala-vest-top-12171.html,https://www.board-worx.com/15dev/media/catalog/product//k/i/kitefix-hose-kit.jpg,0,New,Kitefix,'Tops',
887537004488,"Fox Ridge Tank ",887537004488,http://www.board-worx.com/15dev/weird-fish-tonala-vest-top-12171.html,https://www.board-worx.com/15dev/media/catalog/product//s/c/screen_shot_2015-04-08_at_12.08.02.png,0,New,Fox,'Tops',
6048047890983,"C-skins Wired split toe 1.5mm wetsuit shoes",6048047890983,http://www.board-worx.com/15dev/weird-fish-tonala-vest-top-12171.html,https://www.board-worx.com/15dev/media/catalog/product//w/i/wired_slipper_split_toe_wetsuit_boot.jpg,0,New,C-Skins,'Tops',
6048097890982,"C-Skins Legend front zip 3/2mm",6048097890982,http://www.board-worx.com/15dev/weird-fish-tonala-vest-top-12171.html,https://www.board-worx.com/15dev/media/catalog/product//l/e/legend-32-front_wetsuit.jpg,0,New,C-Skins,'Tops',
896908000222,"C-Skins Single Seat Cover",896908000222,http://www.board-worx.com/15dev/weird-fish-tonala-vest-top-12171.html,https://www.board-worx.com/15dev/media/catalog/product//c/s/cskins-single-car-seat-cover.jpg,0,New,C-Skins,'Tops',
896908000223,"C-Skins Double Seat Cover",896908000223,http://www.board-worx.com/15dev/weird-fish-tonala-vest-top-12171.html,https://www.board-worx.com/15dev/media/catalog/product//c/_/c_skins-double-car-seat-cover.jpg,0,New,C-Skins,'Tops',
896908000900,"C-Skins Surflite 4/3mm Kids Wetsuit",896908000900,http://www.board-worx.com/15dev/weird-fish-tonala-vest-top-12171.html,https://www.board-worx.com/15dev/media/catalog/product//s/u/surflite_jnr_43_black_cyan_orange_front.jpg,0,New,C-Skins,'Tops',
896908000300,"SexWax White T-shirt ",896908000300,http://www.board-worx.com/15dev/weird-fish-tonala-vest-top-12171.html,https://www.board-worx.com/15dev/media/catalog/product//s/e/sex_wax_white_t-shirt.jpg,0,New,SexWax,'Tops',
896908000400,"SexWax Blue T-shirt ",896908000400,http://www.board-worx.com/15dev/weird-fish-tonala-vest-top-12171.html,https://www.board-worx.com/15dev/media/catalog/product//s/e/sex-wax-tshirt-blue-redlogo-back.jpg,0,New,SexWax,'Tops',
896908000160,"F-one Kitesurfing Platinum Pro Pads and Bindings",896908000160,http://www.board-worx.com/15dev/weird-fish-tonala-vest-top-12171.html,https://www.board-worx.com/15dev/media/catalog/product//f/o/fone_kitesurfing_platinum_pro_pads_and_bindings.jpg,0,New,F-One,'Tops',
5060345320725,"Red Paddle 10\'6 Ride Paddle Board Package 2015",5060345320725,http://www.board-worx.com/15dev/weird-fish-tonala-vest-top-12171.html,https://www.board-worx.com/15dev/media/catalog/product//s/u/sup_ped_paddle_ride_package_1.jpg,0,New,Red,'Tops',
8602849301985,"Reef Fanning Flip Flops Green ",8602849301985,http://www.board-worx.com/15dev/weird-fish-tonala-vest-top-12171.html,https://www.board-worx.com/15dev/media/catalog/product//s/c/screen_shot_2015-04-10_at_12.22.12.png,0,New,Reef,'Tops',
766182296630,"Reef Fanning Green UK 7",766182296630,http://www.board-worx.com/15dev/weird-fish-tonala-vest-top-12171.html,https://www.board-worx.com/15dev/media/catalog/product/no_selection,0,New,Reef,'Tops',
766182296647,"Reef Fanning Green UK 8",766182296647,http://www.board-worx.com/15dev/weird-fish-tonala-vest-top-12171.html,https://www.board-worx.com/15dev/media/catalog/product/no_selection,0,New,Reef,'Tops',
766182296654,"Reef Fanning Green UK 9",766182296654,http://www.board-worx.com/15dev/weird-fish-tonala-vest-top-12171.html,https://www.board-worx.com/15dev/media/catalog/product/no_selection,0,New,Reef,'Tops',
766182296661,"Reef Fanning Green UK 10",766182296661,http://www.board-worx.com/15dev/weird-fish-tonala-vest-top-12171.html,https://www.board-worx.com/15dev/media/catalog/product/no_selection,0,New,Reef,'Tops',
766182296678,"Reef Fanning Green UK 11",766182296678,http://www.board-worx.com/15dev/weird-fish-tonala-vest-top-12171.html,https://www.board-worx.com/15dev/media/catalog/product/no_selection,0,New,Reef,'Tops',
766182296685,"Reef Fanning Green UK 12",766182296685,http://www.board-worx.com/15dev/weird-fish-tonala-vest-top-12171.html,https://www.board-worx.com/15dev/media/catalog/product/no_selection,0,New,Reef,'Tops',
766182406213,"Reef Fanning Green UK 13",766182406213,http://www.board-worx.com/15dev/weird-fish-tonala-vest-top-12171.html,https://www.board-worx.com/15dev/media/catalog/product/no_selection,0,New,Reef,'Tops',
505116007755,"Weird Fish Cameron Shorts Navy",505116007755,http://www.board-worx.com/15dev/weird-fish-tonala-vest-top-12171.html,https://www.board-worx.com/15dev/media/catalog/product//s/c/screen_shot_2015-04-10_at_17.14.35.png,0,New,"Weird Fish",'Tops',
8976543098120,"Hurley Boards Tee Blue ",8976543098120,http://www.board-worx.com/15dev/weird-fish-tonala-vest-top-12171.html,https://www.board-worx.com/15dev/media/catalog/product//s/c/screen_shot_2015-04-11_at_15.13.41.png,0,New,Hurley,'Tops',
8609909810234,"Hurley One And Only Boardshorts 4GA ",8609909810234,http://www.board-worx.com/15dev/weird-fish-tonala-vest-top-12171.html,https://www.board-worx.com/15dev/media/catalog/product//h/u/hurleyone_onlyboardshort.jpg,0,New,Hurley,'Tops',
505116773344,"Weird Fish Diaz Bird Print Shorts Khaki",505116773344,http://www.board-worx.com/15dev/weird-fish-tonala-vest-top-12171.html,https://www.board-worx.com/15dev/media/catalog/product//s/c/screen_shot_2015-04-14_at_11.11.19.png,0,New,"Weird Fish",'Tops',
505116993311,"Weird Fish Carolina Herringbone Short Cedar Green",505116993311,http://www.board-worx.com/15dev/weird-fish-tonala-vest-top-12171.html,https://www.board-worx.com/15dev/media/catalog/product//s/c/screen_shot_2015-04-25_at_15.28.50.png,0,New,"Weird Fish",'Tops',
887537001188,"Fox Flight Boardshorts Blue",887537001188,http://www.board-worx.com/15dev/weird-fish-tonala-vest-top-12171.html,https://www.board-worx.com/15dev/media/catalog/product//s/c/screen_shot_2015-04-15_at_11.08.05.png,0,New,Fox,'Tops',
896908000105,"Starboard Drive 10\'5 Day Board Bag ",896908000105,http://www.board-worx.com/15dev/weird-fish-tonala-vest-top-12171.html,https://www.board-worx.com/15dev/media/catalog/product//t/r/travel-bag-7-1.png,0,New,Starboard,'Tops',
843381004477,"Hurley One And Only Boardshorts Cyan ",843381004477,http://www.board-worx.com/15dev/weird-fish-tonala-vest-top-12171.html,https://www.board-worx.com/15dev/media/catalog/product//s/c/screen_shot_2015-04-17_at_11.17.36.png,0,New,Hurley,'Tops',
5000328168587,"F-One Madeiro 8\'8 SUP Bamboo ",5000328168587,http://www.board-worx.com/15dev/weird-fish-tonala-vest-top-12171.html,https://www.board-worx.com/15dev/media/catalog/product//f/_/f_one_sup_madeiro_pro_8_8_1400_1600_0.jpg,0,New,F-One,'Tops',
5000328168016,"F-one Manawa ASC 10\'6 Paddle Board",5000328168016,http://www.board-worx.com/15dev/weird-fish-tonala-vest-top-12171.html,https://www.board-worx.com/15dev/media/catalog/product//f/_/f_one_sup_manawa_asc_10_6_33_1800_1800_1.jpg,0,New,F-One,'Tops',
5000328168096,"F-One Manawa 9\'6 Bamboo SUP ",5000328168096,http://www.board-worx.com/15dev/weird-fish-tonala-vest-top-12171.html,https://www.board-worx.com/15dev/media/catalog/product//f/_/f_one_sup_manawa_9_6_32.5_1800_1800_0.jpg,0,New,F-One,'Tops',
896908000111,"Manera 6ft Surf Leash Red",896908000111,http://www.board-worx.com/15dev/weird-fish-tonala-vest-top-12171.html,https://www.board-worx.com/15dev/media/catalog/product//l/e/leash6-5-red.jpg,0,New,F-One,'Tops',
896908000444,"Manera 6ft Surf Leash Blue",896908000444,http://www.board-worx.com/15dev/weird-fish-tonala-vest-top-12171.html,https://www.board-worx.com/15dev/media/catalog/product//l/e/leash6-5-blue.jpg,0,New,F-One,'Tops',
884805110088,"Reef Fanning Flip Flops Charcoal/Blue Pop ",884805110088,http://www.board-worx.com/15dev/weird-fish-tonala-vest-top-12171.html,https://www.board-worx.com/15dev/media/catalog/product//s/c/screen_shot_2015-04-17_at_15.50.21.png,0,New,Reef,'Tops',
887537886644,"Fox Slambozo Cargo Shorts Camo ",887537886644,http://www.board-worx.com/15dev/weird-fish-tonala-vest-top-12171.html,https://www.board-worx.com/15dev/media/catalog/product//s/c/screen_shot_2015-04-18_at_11.11.37.png,0,New,Fox,'Tops',
5051678987656,"Oneill Epic 3/2mm Full suit Deep sea Blue/Lunar wetsuit",5051678987656,http://www.board-worx.com/15dev/weird-fish-tonala-vest-top-12171.html,https://www.board-worx.com/15dev/media/catalog/product//e/p/epic_oneill_3_2_full_wetsuit.jpg,0,New,O'Neill,'Tops',
5051689877652,"Oneill Hyperfreak FZ Front Zip Wetsuit",5051689877652,http://www.board-worx.com/15dev/weird-fish-tonala-vest-top-12171.html,https://www.board-worx.com/15dev/media/catalog/product//o/n/oneil_hyperfreak_wetsuit.jpg,0,New,O'Neill,'Tops',
5051678900987,"Oneill Reactor Shorty wetsuit",5051678900987,http://www.board-worx.com/15dev/weird-fish-tonala-vest-top-12171.html,https://www.board-worx.com/15dev/media/catalog/product//o/n/oneill_graphite_reactor_shortie.jpg,0,New,O'Neill,'Tops',
5051679878901,"Oneill Hammer Shortie Wetsuit",5051679878901,http://www.board-worx.com/15dev/weird-fish-tonala-vest-top-12171.html,https://www.board-worx.com/15dev/media/catalog/product//o/n/oneill_reactor_red_boardworx_1.jpg,0,New,O'Neill,'Tops',
818279010800,"GoPro Head Strap + Quick Clip",818279010800,http://www.board-worx.com/15dev/weird-fish-tonala-vest-top-12171.html,https://www.board-worx.com/15dev/media/catalog/product//a/c/achom-001_main2.jpg,0,New,GoPro,'Tops',
5051678278877,"Oneill Hammer Wetsuit Shorts 1.5mm ",5051678278877,http://www.board-worx.com/15dev/weird-fish-tonala-vest-top-12171.html,https://www.board-worx.com/15dev/media/catalog/product//o/n/oneillhammershorts.jpg,0,New,O'Neill,'Tops',
5051675611231,"Oneill Skins Surf Tee ",5051675611231,http://www.board-worx.com/15dev/weird-fish-tonala-vest-top-12171.html,https://www.board-worx.com/15dev/media/catalog/product//s/u/surf_tee_rash_vest.jpg,0,New,O'Neill,'Tops',
5051672212345,"Oneill Skins Surf Tee Dark red",5051672212345,http://www.board-worx.com/15dev/weird-fish-tonala-vest-top-12171.html,https://www.board-worx.com/15dev/media/catalog/product//d/a/dark_red_skins_surf_tee.jpg,0,New,O'Neill,'Tops',
5051677890988,"O`Neill WMS Ladies Skins S/S Surf Tee blackberry 2015",5051677890988,http://www.board-worx.com/15dev/weird-fish-tonala-vest-top-12171.html,https://www.board-worx.com/15dev/media/catalog/product//o/n/oneill_skins_blackberry.jpg,0,New,O'Neill,'Tops',
5051677890098,"O`Neill WMS Ladies Skins S/S Surf Tee Deep Sea 2015",5051677890098,http://www.board-worx.com/15dev/weird-fish-tonala-vest-top-12171.html,https://www.board-worx.com/15dev/media/catalog/product//o/_/o_neill_skins_surf_tee.jpg,0,New,O'Neill,'Tops',
5051677789890,"O\'Neill Hyperfreak S/S Crew Rash Vest",5051677789890,http://www.board-worx.com/15dev/weird-fish-tonala-vest-top-12171.html,https://www.board-worx.com/15dev/media/catalog/product//o/n/oneill-skins-hyperfreak-ss-rashvest-crew-deepsea-black.jpg,0,New,O'Neill,'Tops',
3330040031111,"Aloha Wave Longboard Skateboard",3330040031111,http://www.board-worx.com/15dev/weird-fish-tonala-vest-top-12171.html,https://www.board-worx.com/15dev/media/catalog/product//a/l/aloha-wave-longboard.jpg,0,New,Aloha,'Tops',
3330040022222,"Aloha Stripes Longboard ",3330040022222,http://www.board-worx.com/15dev/weird-fish-tonala-vest-top-12171.html,https://www.board-worx.com/15dev/media/catalog/product//a/l/aloha-stripes-longboard.jpg,0,New,Aloha,'Tops',
3330040063333,"Aloha Surf Longboard ",3330040063333,http://www.board-worx.com/15dev/weird-fish-tonala-vest-top-12171.html,https://www.board-worx.com/15dev/media/catalog/product//a/l/aloha-surf-longboard.jpg,0,New,Aloha,'Tops',
5051677890981,"O\'Neill Bahia Ladies Shortie Wetsuit",5051677890981,http://www.board-worx.com/15dev/weird-fish-tonala-vest-top-12171.html,https://www.board-worx.com/15dev/media/catalog/product//o/n/oneill_bahia_womens_shortie.jpg,0,New,O'Neill,'Tops',
888366221155,"Reef WMS Fanning Flip Flops Brown/Cream/Blue",888366221155,http://www.board-worx.com/15dev/weird-fish-tonala-vest-top-12171.html,https://www.board-worx.com/15dev/media/catalog/product//2/3/2304_brown_cream_blue_l.jpg,0,New,Reef,'Tops',
887187334466,"Patagonia Linear Fractures Tee Navy Blue",887187334466,http://www.board-worx.com/15dev/weird-fish-tonala-vest-top-12171.html,https://www.board-worx.com/15dev/media/catalog/product//s/c/screen_shot_2015-04-24_at_14.10.11.png,0,New,Patagonia,'Tops',
8050566791113,"Red Paddle Carbon 3 piece Travel  Adjustable ",8050566791113,http://www.board-worx.com/15dev/weird-fish-tonala-vest-top-12171.html,https://www.board-worx.com/15dev/media/catalog/product//f/6/f61527df-5e71-4e87-bb65-a157008c073a_328x800.jpg,0,New,Red,'Tops',
888338000099,"Patagonia Legacy Label Tee White",888338000099,http://www.board-worx.com/15dev/weird-fish-tonala-vest-top-12171.html,https://www.board-worx.com/15dev/media/catalog/product//s/c/screen_shot_2015-04-25_at_10.15.22.png,0,New,Patagonia,'Tops',
887187776655,"Patagonia Sunrise Waves Tee White",887187776655,http://www.board-worx.com/15dev/weird-fish-tonala-vest-top-12171.html,https://www.board-worx.com/15dev/media/catalog/product//s/c/screen_shot_2015-04-25_at_11.23.10.png,0,New,Patagonia,'Tops',
887187334468,"Patagonia Light and Variable Board Shorts Channel Blue",887187334468,http://www.board-worx.com/15dev/weird-fish-tonala-vest-top-12171.html,https://www.board-worx.com/15dev/media/catalog/product//s/c/screen_shot_2015-04-25_at_12.37.24.png,0,New,Patagonia,'Tops',
2047592063987,"Red Air 9\'8 Ride + Titan Pump",2047592063987,http://www.board-worx.com/15dev/weird-fish-tonala-vest-top-12171.html,https://www.board-worx.com/15dev/media/catalog/product//9/8/98-ride_top.jpg,0,New,Red,'Tops',
9008415594405,"North Quad fin set ",9008415594405,http://www.board-worx.com/15dev/weird-fish-tonala-vest-top-12171.html,https://www.board-worx.com/15dev/media/catalog/product//n/o/north_quad_fin_kiteboarding.jpg,0,New,North,'Tops',
887187873708,"Patagonia Torpedo Crew Interstate Cap",887187873708,http://www.board-worx.com/15dev/weird-fish-tonala-vest-top-12171.html,https://www.board-worx.com/15dev/media/catalog/product//s/c/screen_shot_2015-05-06_at_12.01.34.png,0,New,Patagonia,'Tops',
9008415594666,"F-One Signature 6ft 2014 ",9008415594666,http://www.board-worx.com/15dev/weird-fish-tonala-vest-top-12171.html,https://www.board-worx.com/15dev/media/catalog/product//f/o/fone-14-signature-surf-cutout-product.jpg,0,New,F-One,'Tops',
5051678309999,"Oneill Youth Rash Vest Tee Deep Sea",5051678309999,http://www.board-worx.com/15dev/weird-fish-tonala-vest-top-12171.html,https://www.board-worx.com/15dev/media/catalog/product//4/4/4482_-_199.jpg,0,New,O'Neill,'Tops',
5051678309341,"Oneill Youth Rash T Deep Sea 4",5051678309341,http://www.board-worx.com/15dev/weird-fish-tonala-vest-top-12171.html,https://www.board-worx.com/15dev/media/catalog/product/no_selection,0,New,O'Neill,'Tops',
5051678309327,"Oneill Youth Rash T Deep Sea 6",5051678309327,http://www.board-worx.com/15dev/weird-fish-tonala-vest-top-12171.html,https://www.board-worx.com/15dev/media/catalog/product/no_selection,0,New,O'Neill,'Tops',
5051678309303,"Oneill Youth Rash T Deep Sea 8",5051678309303,http://www.board-worx.com/15dev/weird-fish-tonala-vest-top-12171.html,https://www.board-worx.com/15dev/media/catalog/product/no_selection,0,New,O'Neill,'Tops',
5051678309280,"Oneill Youth Rash T Deep Sea 10",5051678309280,http://www.board-worx.com/15dev/weird-fish-tonala-vest-top-12171.html,https://www.board-worx.com/15dev/media/catalog/product/no_selection,0,New,O'Neill,'Tops',
5051678309266,"Oneill Youth Rash T Deep Sea 12",5051678309266,http://www.board-worx.com/15dev/weird-fish-tonala-vest-top-12171.html,https://www.board-worx.com/15dev/media/catalog/product/no_selection,0,New,O'Neill,'Tops',
5051678309242,"Oneill Youth Rash T Deep Sea 14",5051678309242,http://www.board-worx.com/15dev/weird-fish-tonala-vest-top-12171.html,https://www.board-worx.com/15dev/media/catalog/product/no_selection,0,New,O'Neill,'Tops',
5051678309228,"Oneill Youth Rash T Deep Sea 16",5051678309228,http://www.board-worx.com/15dev/weird-fish-tonala-vest-top-12171.html,https://www.board-worx.com/15dev/media/catalog/product/no_selection,0,New,O'Neill,'Tops',
8717267890098,"Kids Junior Prolimit waist Grommit Harness",8717267890098,http://www.board-worx.com/15dev/weird-fish-tonala-vest-top-12171.html,https://www.board-worx.com/15dev/media/catalog/product//j/u/junior_windsurfing_harness.jpg,0,New,Prolimit,'Tops',
6148147890987,"Shinn V2 Red Kiteboard kite Board",6148147890987,http://www.board-worx.com/15dev/weird-fish-tonala-vest-top-12171.html,https://www.board-worx.com/15dev/media/catalog/product//s/h/shinnred2014.jpg,0,New,Shinn,'Tops',
838858002600,"Quickblade Kanaha Fiberglass blade Carbon adjustable shaft FG",838858002600,http://www.board-worx.com/15dev/weird-fish-tonala-vest-top-12171.html,https://www.board-worx.com/15dev/media/catalog/product//q/u/quckblade_glass_blade.jpg,0,New,Quickblade,'Tops',
838858002700,"Quickblade Kanaha Carbon blade Carbon adjustable shaft AC 90",838858002700,http://www.board-worx.com/15dev/weird-fish-tonala-vest-top-12171.html,https://www.board-worx.com/15dev/media/catalog/product//9/0/90_quickblade.jpg,0,New,Quickblade,'Tops',
838858002900,"Quickblade Trifecta 96 SUP Paddle Carbon",838858002900,http://www.board-worx.com/15dev/weird-fish-tonala-vest-top-12171.html,https://www.board-worx.com/15dev/media/catalog/product//c/a/carbon_quickblade_96_sup_1.jpg,0,New,Quickblade,'Tops',
838858002800,"Quickblade Trifecta 86 SUP Paddle Carbon",838858002800,http://www.board-worx.com/15dev/weird-fish-tonala-vest-top-12171.html,https://www.board-worx.com/15dev/media/catalog/product//t/r/trivica_86.jpg,0,New,Quickblade,'Tops',
838858002910,"Quickblade V Drive All Carbon 91 tapered oval shaft",838858002910,http://www.board-worx.com/15dev/weird-fish-tonala-vest-top-12171.html,https://www.board-worx.com/15dev/media/catalog/product//v/-/v-drive_quickblade_paddle.jpg,0,New,Quickblade,'Tops',
617931784666,"Reef Fanning Flip Flops Palm Camo ",617931784666,http://www.board-worx.com/15dev/weird-fish-tonala-vest-top-12171.html,https://www.board-worx.com/15dev/media/catalog/product//s/c/screen_shot_2015-05-12_at_10.32.11.png,0,New,Reef,'Tops',
887187009966,"Patagonia Barely Baggies Shorts Bermuda Curacao",887187009966,http://www.board-worx.com/15dev/weird-fish-tonala-vest-top-12171.html,https://www.board-worx.com/15dev/media/catalog/product//s/c/screen_shot_2015-05-13_at_12.13.06.png,0,New,Patagonia,'Tops',
610934772715,"Dakine Coiled SUP Ankle Leash 10ft",610934772715,http://www.board-worx.com/15dev/weird-fish-tonala-vest-top-12171.html,https://www.board-worx.com/15dev/media/catalog/product//s/c/screen_shot_2015-05-14_at_11.44.35.png,0,New,Dakine,'Tops',
610934208160,"Dakine Kainui Longboard Leash 9ft ",610934208160,http://www.board-worx.com/15dev/weird-fish-tonala-vest-top-12171.html,https://www.board-worx.com/15dev/media/catalog/product//s/c/screen_shot_2015-05-14_at_12.00.03_1.png,0,New,Dakine,'Tops',
610934938599,"Dakine Pro Comp 6ft Surf Leash ",610934938599,http://www.board-worx.com/15dev/weird-fish-tonala-vest-top-12171.html,https://www.board-worx.com/15dev/media/catalog/product//s/c/screen_shot_2015-05-14_at_12.20.29.png,0,New,Dakine,'Tops',
610934910999,"Dakine Wetsuit Under Shorts ",610934910999,http://www.board-worx.com/15dev/weird-fish-tonala-vest-top-12171.html,https://www.board-worx.com/15dev/media/catalog/product//s/c/screen_shot_2015-05-14_at_16.36.39.png,0,New,Dakine,'Tops',
7878789123456,"O\'neill Epic 3/2mm Ladies",7878789123456,http://www.board-worx.com/15dev/weird-fish-tonala-vest-top-12171.html,https://www.board-worx.com/15dev/media/catalog/product//s/c/screen_shot_2014-09-26_at_14.35.19_1.png,0,New,O'Neill,'Tops',
5051678291888,"Oneill Ladies Superfreak 4/3mm Chest Zip ",5051678291888,http://www.board-worx.com/15dev/weird-fish-tonala-vest-top-12171.html,https://www.board-worx.com/15dev/media/catalog/product//4/4/4410_20-_20z95.jpg,0,New,O'Neill,'Tops',
9008415594863,"North 5th Element 2015 line set 5 kite lines Element",9008415594863,http://www.board-worx.com/15dev/weird-fish-tonala-vest-top-12171.html,https://www.board-worx.com/15dev/media/catalog/product/no_selection,0,New,North,'Tops',
9008415594795,"North kitesurfing strong middle line  5th element 2014-15",9008415594795,http://www.board-worx.com/15dev/weird-fish-tonala-vest-top-12171.html,https://www.board-worx.com/15dev/media/catalog/product//n/o/north5thstong_middle_line.jpg,0,New,North,'Tops',
8401082948501,"10m Naish Park Kite Complete",8401082948501,http://www.board-worx.com/15dev/weird-fish-tonala-vest-top-12171.html,https://www.board-worx.com/15dev/media/catalog/product//i/m/img_2090.jpg,0,New,Naish,'Tops',
133150289,"Starboard Enduro Tikitech Adjustable Medium Blue ",133150289,http://www.board-worx.com/15dev/weird-fish-tonala-vest-top-12171.html,https://www.board-worx.com/15dev/media/catalog/product//s/c/screen_shot_2015-05-19_at_15.52.39.png,0,New,Starboard,'Tops',
896908000901,"Chinook Silver 3 Piece Carbon Sup Paddle",896908000901,http://www.board-worx.com/15dev/weird-fish-tonala-vest-top-12171.html,https://www.board-worx.com/15dev/media/catalog/product//c/h/chinook-sup-paddle-silver-three-piece-lg_1.jpg,0,New,Chinook,'Tops',
9008415607266,"North 2015 Juice 15m ",9008415607266,http://www.board-worx.com/15dev/weird-fish-tonala-vest-top-12171.html,https://www.board-worx.com/15dev/media/catalog/product//n/o/northjuice2015.jpg,0,New,North,'Tops',
133152746,"Starboard Tikitech Enduro Fixed Length Paddle Medium Blue ",133152746,http://www.board-worx.com/15dev/weird-fish-tonala-vest-top-12171.html,https://www.board-worx.com/15dev/media/catalog/product//s/c/screen_shot_2015-05-23_at_14.25.48.png,0,New,Starboard,'Tops',
887537006688,"Fox Barranca Boardshorts ",887537006688,http://www.board-worx.com/15dev/weird-fish-tonala-vest-top-12171.html,https://www.board-worx.com/15dev/media/catalog/product//1/3/13353532.png,0,New,Fox,'Tops',
9008415584826,"Ion Core Windsurfing Bag 250-79cm",9008415584826,http://www.board-worx.com/15dev/weird-fish-tonala-vest-top-12171.html,https://www.board-worx.com/15dev/media/catalog/product//i/o/ion_core_windsurfing_bag_1.jpg,0,New,ION,'Tops',
6049086743213,"Starboard Atom 160l with Bolt Rig",6049086743213,http://www.board-worx.com/15dev/weird-fish-tonala-vest-top-12171.html,https://www.board-worx.com/15dev/media/catalog/product//s/t/starboard_windsurf_package_bolt15.jpg,0,New,Starboard,'Tops',
6043213421234,"Starboard Atom IQ 130L with Bolt sail Package",6043213421234,http://www.board-worx.com/15dev/weird-fish-tonala-vest-top-12171.html,https://www.board-worx.com/15dev/media/catalog/product//s/t/starboard_atom_130_rig_package.jpg,0,New,Starboard,'Tops',
896908001111,"Slingshot Kitesurfing handle ",896908001111,http://www.board-worx.com/15dev/weird-fish-tonala-vest-top-12171.html,https://www.board-worx.com/15dev/media/catalog/product//s/l/slingshot_kiteboard_handle.jpg,0,New,Slingshot,'Tops',
888336888888,"Patagonia Geodesic Flying Fish Tee Forge Grey",888336888888,http://www.board-worx.com/15dev/weird-fish-tonala-vest-top-12171.html,https://www.board-worx.com/15dev/media/catalog/product//s/c/screen_shot_2015-06-10_at_13.20.49_2.png,0,New,Patagonia,'Tops',
840362107579,"Slingshot Pigtails Kite ends kitesurfing",840362107579,http://www.board-worx.com/15dev/weird-fish-tonala-vest-top-12171.html,https://www.board-worx.com/15dev/media/catalog/product//k/i/kitepigtails.png,0,New,Slingshot,'Tops',
840362107432,"14m Slingshot Rally Kite",840362107432,http://www.board-worx.com/15dev/weird-fish-tonala-vest-top-12171.html,https://www.board-worx.com/15dev/media/catalog/product//s/l/slingshot-15-rally-kite.jpg,0,New,Slingshot,'Tops',
888392082398,"Oakley Madman Scuderia Ferrari Collection",888392082398,http://www.board-worx.com/15dev/weird-fish-tonala-vest-top-12171.html,https://www.board-worx.com/15dev/media/catalog/product//s/c/screen_shot_2015-06-12_at_16.06.42.png,0,New,Oakley,'Tops',
896908000909,"Shinnster pad sets triple self adhesive foot pads",896908000909,http://www.board-worx.com/15dev/weird-fish-tonala-vest-top-12171.html,https://www.board-worx.com/15dev/media/catalog/product//p/a/pads-shinster.jpg,0,New,Shinn,'Tops',
888392110763,"Oakley Frogskins Fingerprint Collection",888392110763,http://www.board-worx.com/15dev/weird-fish-tonala-vest-top-12171.html,https://www.board-worx.com/15dev/media/catalog/product//s/c/screen_shot_2015-06-12_at_16.44.30.png,0,New,Oakley,'Tops',
888392113702,"Oakley Frogskins Fingerprint Collection",888392113702,http://www.board-worx.com/15dev/weird-fish-tonala-vest-top-12171.html,https://www.board-worx.com/15dev/media/catalog/product//s/c/screen_shot_2015-06-12_at_16.57.50.png,0,New,Oakley,'Tops',
888392072160,"Oakley Conquest Satin Gold/Iris with Tungsten Iridium lenses",888392072160,http://www.board-worx.com/15dev/weird-fish-tonala-vest-top-12171.html,https://www.board-worx.com/15dev/media/catalog/product//s/c/screen_shot_2015-06-14_at_13.12.41.png,0,New,Oakley,'Tops',
6048098901234,"Manera Senso waist Harness",6048098901234,http://www.board-worx.com/15dev/weird-fish-tonala-vest-top-12171.html,https://www.board-worx.com/15dev/media/catalog/product//m/a/manera-w15-senso-harness-black-alt2-product.jpg,0,New,F-One,'Tops',
888366111111,"Reef WMS Fanning Flip Flops Black/Grey/Berry",888366111111,http://www.board-worx.com/15dev/weird-fish-tonala-vest-top-12171.html,https://www.board-worx.com/15dev/media/catalog/product//r/e/reef-flip-flops-reef-fanning-flip-flops-black-grey-berry.jpg,0,New,Reef,'Tops',
896908000176,"Manera Session Kitesurfing travel bag 150cm",896908000176,http://www.board-worx.com/15dev/weird-fish-tonala-vest-top-12171.html,https://www.board-worx.com/15dev/media/catalog/product//f/o/fonemanerasessionbag.jpg,0,New,F-One,'Tops',
896908000159,"Manera Paddle blade cover",896908000159,http://www.board-worx.com/15dev/weird-fish-tonala-vest-top-12171.html,https://www.board-worx.com/15dev/media/catalog/product//f/3/f324fd3a__screen_shot_2013-07-25_at_11.03.59_am.png,0,New,F-One,'Tops',
896908000109,"Manera PLAYA PADDLE 230cm Paddles bag",896908000109,http://www.board-worx.com/15dev/weird-fish-tonala-vest-top-12171.html,https://www.board-worx.com/15dev/media/catalog/product//p/a/paddle_cover-500x500.jpg,0,New,F-One,'Tops',
896908000299,"Manera Playa Surf board Bag 6ft 4inch",896908000299,http://www.board-worx.com/15dev/weird-fish-tonala-vest-top-12171.html,https://www.board-worx.com/15dev/media/catalog/product//f/o/fonemaneraplayasurfbag.jpg,0,New,F-One,'Tops',
908789121234,"Naish Custom LE 5ft 10 2014",908789121234,http://www.board-worx.com/15dev/weird-fish-tonala-vest-top-12171.html,https://www.board-worx.com/15dev/media/catalog/product//i/m/img_2217.jpg,0,New,Naish,'Tops',
5060286810668,"Tootega Scupper Bungs Medium",5060286810668,http://www.board-worx.com/15dev/weird-fish-tonala-vest-top-12171.html,https://www.board-worx.com/15dev/media/catalog/product//s/c/screen_shot_2015-06-24_at_10.16.16.png,0,New,Tootega,'Tops',
888392082404,"Oakley Badman Scuderia Ferrari Collection",888392082404,http://www.board-worx.com/15dev/weird-fish-tonala-vest-top-12171.html,https://www.board-worx.com/15dev/media/catalog/product//s/c/screen_shot_2015-06-24_at_11.04.39.png,0,New,Oakley,'Tops',
888338990099,"Patagonia \'73 Text Logo Tee Gravel Heather",888338990099,http://www.board-worx.com/15dev/weird-fish-tonala-vest-top-12171.html,https://www.board-worx.com/15dev/media/catalog/product//s/c/screen_shot_2015-06-24_at_11.22.34.png,0,New,Patagonia,'Tops',
c-skintowel,"C-Skins Changing Robe Black",c-skintowel,http://www.board-worx.com/15dev/weird-fish-tonala-vest-top-12171.html,https://www.board-worx.com/15dev/media/catalog/product//c/h/changing_robe_black.jpg,0,New,C-Skins,'Tops',
888392095053,"Oakley Frogskins Infinite Hero Foundation Collection",888392095053,http://www.board-worx.com/15dev/weird-fish-tonala-vest-top-12171.html,https://www.board-worx.com/15dev/media/catalog/product//s/c/screen_shot_2015-06-26_at_11.35.18.png,0,New,Oakley,'Tops',
9086780098912,"Liquid Force Foil Fish Hydrofoil",9086780098912,http://www.board-worx.com/15dev/weird-fish-tonala-vest-top-12171.html,https://www.board-worx.com/15dev/media/catalog/product//l/i/liquid_force_hydro_foil.jpg,0,New,"Liquid Force",'Tops',
57364436546575,"Starboard Astro Blend Zen 11\'2 SUP Package",57364436546575,http://www.board-worx.com/15dev/weird-fish-tonala-vest-top-12171.html,https://www.board-worx.com/15dev/media/catalog/product//s/t/starboard-astro-blend-zen.jpg,0,New,Starboard,'Tops',
9008415514694,"NSW-power XT2 shox sdm windsurfing extension 42cm and itendon and ibase 2",9008415514694,http://www.board-worx.com/15dev/weird-fish-tonala-vest-top-12171.html,https://www.board-worx.com/15dev/media/catalog/product//n/s/nsw-power-xt-20-shox-windsurf-extension.png,0,New,North,'Tops',
700285675077,"Oakley Square O Hard Case Neon Yellow",700285675077,http://www.board-worx.com/15dev/weird-fish-tonala-vest-top-12171.html,https://www.board-worx.com/15dev/media/catalog/product//s/c/screen_shot_2015-06-30_at_13.01.11.png,0,New,Oakley,'Tops',
700285675091,"Oakley Square O Hard Case Tomato Red",700285675091,http://www.board-worx.com/15dev/weird-fish-tonala-vest-top-12171.html,https://www.board-worx.com/15dev/media/catalog/product//s/c/screen_shot_2015-06-30_at_12.59.37.png,0,New,Oakley,'Tops',
700285675084,"Oakley Square O Hard Case Pacific Blue",700285675084,http://www.board-worx.com/15dev/weird-fish-tonala-vest-top-12171.html,https://www.board-worx.com/15dev/media/catalog/product//s/c/screen_shot_2015-06-30_at_12.59.21.png,0,New,Oakley,'Tops',
700285783192,"Oakley Square O Hard Case Camouflage",700285783192,http://www.board-worx.com/15dev/weird-fish-tonala-vest-top-12171.html,https://www.board-worx.com/15dev/media/catalog/product//s/c/screen_shot_2015-06-30_at_12.59.50.png,0,New,Oakley,'Tops',
659641706279,"Santa Cruz Sreaming Hand Cruzer ",659641706279,http://www.board-worx.com/15dev/weird-fish-tonala-vest-top-12171.html,https://www.board-worx.com/15dev/media/catalog/product//s/a/santa-cruz-screaming-hand-shark-cruzer-27-skateboard-complete-white.jpg,0,New,"Santa Cruz",'Tops',
659641674271,"Santa Cruz Night Shark Cruzer ",659641674271,http://www.board-worx.com/15dev/weird-fish-tonala-vest-top-12171.html,https://www.board-worx.com/15dev/media/catalog/product//s/a/santa-cruz-night-shark-277-skateboard-complete-black-trucks-clear-led.jpg,0,New,"Santa Cruz",'Tops',
5051678172100,"Oneill Superlite Waterski jetski PWC Bouyancy aid flotation device ",5051678172100,http://www.board-worx.com/15dev/weird-fish-tonala-vest-top-12171.html,https://www.board-worx.com/15dev/media/catalog/product//0/n/0neill_superlite_vest.jpg,0,New,O'Neill,'Tops',
8096088908123,"Ocean Rodeo Mako Duke",8096088908123,http://www.board-worx.com/15dev/weird-fish-tonala-vest-top-12171.html,https://www.board-worx.com/15dev/media/catalog/product//m/a/mako-duke.png,0,New,"Ocean Rodeo",'Tops',
838858002789,"Starboard SUP Premium rail tape 160cm by 5cm",838858002789,http://www.board-worx.com/15dev/weird-fish-tonala-vest-top-12171.html,https://www.board-worx.com/15dev/media/catalog/product//s/t/stardboard_sup_tape.jpg,0,New,Starboard,'Tops',
89098907890981,"Naish pivot 12m with Fusion Bar",89098907890981,http://www.board-worx.com/15dev/weird-fish-tonala-vest-top-12171.html,https://www.board-worx.com/15dev/media/catalog/product//1/5/15naishkb_pivot_yellow_blue01_3.png,0,New,Naish,'Tops',
8909890987121,"Naish pivot 9m with Fusion Bar",8909890987121,http://www.board-worx.com/15dev/weird-fish-tonala-vest-top-12171.html,https://www.board-worx.com/15dev/media/catalog/product//1/5/15naishkb_pivot_yellow_blue01_2.png,0,New,Naish,'Tops',
8908909834567,"Naish pivot 7m with Fusion Bar",8908909834567,http://www.board-worx.com/15dev/weird-fish-tonala-vest-top-12171.html,https://www.board-worx.com/15dev/media/catalog/product//1/5/15naishkb_pivot_yellow_blue01_6.png,0,New,Naish,'Tops',
818279011654,"Gopro Hero 4 Battery ",818279011654,http://www.board-worx.com/15dev/weird-fish-tonala-vest-top-12171.html,https://www.board-worx.com/15dev/media/catalog/product//g/o/gopro-hero4-battery.jpg,0,New,GoPro,'Tops',
2342349098761,"11m F-one Bandit 7 2014 Kite only",2342349098761,http://www.board-worx.com/15dev/weird-fish-tonala-vest-top-12171.html,https://www.board-worx.com/15dev/media/catalog/product//i/m/img_2267.jpg,0,New,F-One,'Tops',
5054141946722,"Animal Discover Backpack",5054141946722,http://www.board-worx.com/15dev/weird-fish-tonala-vest-top-12171.html,https://www.board-worx.com/15dev/media/catalog/product//s/c/screen_shot_2015-07-22_at_11.41.32.png,0,New,Animal,'Tops',
5054141946609,"Animal Clash Backpack",5054141946609,http://www.board-worx.com/15dev/weird-fish-tonala-vest-top-12171.html,https://www.board-worx.com/15dev/media/catalog/product//s/c/screen_shot_2015-07-22_at_12.07.37.png,0,New,Animal,'Tops',
5054141946531,"Animal Storyteller Backpack",5054141946531,http://www.board-worx.com/15dev/weird-fish-tonala-vest-top-12171.html,https://www.board-worx.com/15dev/media/catalog/product//s/c/screen_shot_2015-07-22_at_13.12.55.png,0,New,Animal,'Tops',
887188996644,"Volcom Full Stone Xfit Cap ",887188996644,http://www.board-worx.com/15dev/weird-fish-tonala-vest-top-12171.html,https://www.board-worx.com/15dev/media/catalog/product//s/c/screen_shot_2015-07-22_at_13.54.26.png,0,New,Volcom,'Tops',
885290009988,"Volcom Full Stone Xfit Cap Black ",885290009988,http://www.board-worx.com/15dev/weird-fish-tonala-vest-top-12171.html,https://www.board-worx.com/15dev/media/catalog/product//s/c/screen_shot_2015-07-22_at_14.25.01.png,0,New,Volcom,'Tops',
8717264386604,"Naish Park 9m (Blue/Yellow)",8717264386604,http://www.board-worx.com/15dev/weird-fish-tonala-vest-top-12171.html,https://www.board-worx.com/15dev/media/catalog/product//p/a/park_prod_colors_2.jpg,0,New,Naish,'Tops',
4574999098762,"18m Juice complete North 2014",4574999098762,http://www.board-worx.com/15dev/weird-fish-tonala-vest-top-12171.html,https://www.board-worx.com/15dev/media/catalog/product//i/m/img_2278.jpg,0,New,North,'Tops',
838858008888,"Slingshot SST Wave 2016 ",838858008888,http://www.board-worx.com/15dev/weird-fish-tonala-vest-top-12171.html,https://www.board-worx.com/15dev/media/catalog/product//w/e/web_wave_3qr.png,0,New,Slingshot,'Tops',
840362107666,"Slingshot SST 6m",840362107666,http://www.board-worx.com/15dev/weird-fish-tonala-vest-top-12171.html,https://www.board-worx.com/15dev/media/catalog/product//w/e/web_wave_bot_1.png,0,New,Slingshot,'Tops',
840362107888,"Slingshot SST 8m",840362107888,http://www.board-worx.com/15dev/weird-fish-tonala-vest-top-12171.html,https://www.board-worx.com/15dev/media/catalog/product//w/e/web_wave_bot_1_1.png,0,New,Slingshot,'Tops',
8403621071010,"Slingshot SST 10m",8403621071010,http://www.board-worx.com/15dev/weird-fish-tonala-vest-top-12171.html,https://www.board-worx.com/15dev/media/catalog/product/no_selection,0,New,Slingshot,'Tops',
840362101212,"Slingshot SST 12m",840362101212,http://www.board-worx.com/15dev/weird-fish-tonala-vest-top-12171.html,https://www.board-worx.com/15dev/media/catalog/product//w/e/web_wave_bot_1_1_1_1.png,0,New,Slingshot,'Tops',
840362111194,"Slingshot 2016 Compstick Sentinal 20\"",840362111194,http://www.board-worx.com/15dev/weird-fish-tonala-vest-top-12171.html,https://www.board-worx.com/15dev/media/catalog/product//w/e/web_sentinel.png,0,New,Slingshot,'Tops',
840362111117,"Slingshot 2016 Compstick Sentinal 17\"",840362111117,http://www.board-worx.com/15dev/weird-fish-tonala-vest-top-12171.html,https://www.board-worx.com/15dev/media/catalog/product//w/e/web_sentinel_1.png,0,New,Slingshot,'Tops',
840362111123,"Slingshot 2016 Compstick Sentinal 23\"",840362111123,http://www.board-worx.com/15dev/weird-fish-tonala-vest-top-12171.html,https://www.board-worx.com/15dev/media/catalog/product//w/e/web_sentinel_1_1.png,0,New,Slingshot,'Tops',
840362119999,"Slingshot 2016 Sentinel Bar ",840362119999,http://www.board-worx.com/15dev/weird-fish-tonala-vest-top-12171.html,https://www.board-worx.com/15dev/media/catalog/product//w/e/web_sentinel_2.png,0,New,Slingshot,'Tops',
700285979366,"Oakley Frogskins Eric Koston Collection",700285979366,http://www.board-worx.com/15dev/weird-fish-tonala-vest-top-12171.html,https://www.board-worx.com/15dev/media/catalog/product//s/c/screen_shot_2015-07-25_at_11.31.05.png,0,New,Oakley,'Tops',
700285941646,"Oakley TwoFace Polished Brown Tortoise with Tungsten Iridium Polarized lenses",700285941646,http://www.board-worx.com/15dev/weird-fish-tonala-vest-top-12171.html,https://www.board-worx.com/15dev/media/catalog/product//s/c/screen_shot_2015-07-25_at_11.54.23.png,0,New,Oakley,'Tops',
7897898987612,"Nobile XTR 140-46cm Kiteboard twin Tip",7897898987612,http://www.board-worx.com/15dev/weird-fish-tonala-vest-top-12171.html,https://www.board-worx.com/15dev/media/catalog/product//i/m/img_2288.jpg,0,New,Nobile,'Tops',
887188825867,"Volcom Quarter Fabric Snapback Cap",887188825867,http://www.board-worx.com/15dev/weird-fish-tonala-vest-top-12171.html,https://www.board-worx.com/15dev/media/catalog/product//s/c/screen_shot_2015-07-22_at_16.34.05.png,0,New,Volcom,'Tops',
887188009988,"Volcom Circle Stone Tee",887188009988,http://www.board-worx.com/15dev/weird-fish-tonala-vest-top-12171.html,https://www.board-worx.com/15dev/media/catalog/product//7/4/74037-zoom.jpg,0,New,Volcom,'Tops',
818279012385,"GoPro Hero 3 3+ Battery 1180mah",818279012385,http://www.board-worx.com/15dev/weird-fish-tonala-vest-top-12171.html,https://www.board-worx.com/15dev/media/catalog/product//a/h/ahdbt-302_main1.jpg,0,New,GoPro,'Tops',
818279012033,"Gopro Smart Remote ",818279012033,http://www.board-worx.com/15dev/weird-fish-tonala-vest-top-12171.html,https://www.board-worx.com/15dev/media/catalog/product//a/r/armte-002_main1.jpg,0,New,GoPro,'Tops',
5000328192284,"Session Saver Ding Repair Putty ",5000328192284,http://www.board-worx.com/15dev/weird-fish-tonala-vest-top-12171.html,https://www.board-worx.com/15dev/media/catalog/product//s/e/session_saver_ding_repair_tube_surfboard_putty_surf_ext.png,0,New,Northcore,'Tops',
887188223344,"Volcom Pulli Crew Sweat Heather Grey",887188223344,http://www.board-worx.com/15dev/weird-fish-tonala-vest-top-12171.html,https://www.board-worx.com/15dev/media/catalog/product//s/c/screen_shot_2015-07-28_at_13.55.58.png,0,New,Volcom,'Tops',
887188995588,"Volcom X-ray Tee White",887188995588,http://www.board-worx.com/15dev/weird-fish-tonala-vest-top-12171.html,https://www.board-worx.com/15dev/media/catalog/product//s/c/screen_shot_2015-07-31_at_12.22.32.png,0,New,Volcom,'Tops',
9087678909871,"North Rebel 2015 7m ",9087678909871,http://www.board-worx.com/15dev/weird-fish-tonala-vest-top-12171.html,https://www.board-worx.com/15dev/media/catalog/product//r/e/rebel_cheap_close_out_kites.jpg,0,New,North,'Tops',
9008415653225,"7m North Rebel Kite 2016",9008415653225,http://www.board-worx.com/15dev/weird-fish-tonala-vest-top-12171.html,https://www.board-worx.com/15dev/media/catalog/product/no_selection,0,New,North,'Tops',
9008415653212,"8m North Rebel Kite 2016",9008415653212,http://www.board-worx.com/15dev/weird-fish-tonala-vest-top-12171.html,https://www.board-worx.com/15dev/media/catalog/product/no_selection,0,New,North,'Tops',
9008415653102,"9m North Rebel Kite 2016",9008415653102,http://www.board-worx.com/15dev/weird-fish-tonala-vest-top-12171.html,https://www.board-worx.com/15dev/media/catalog/product/no_selection,0,New,North,'Tops',
9008415652910,"10m North Rebel Kite 2016",9008415652910,http://www.board-worx.com/15dev/weird-fish-tonala-vest-top-12171.html,https://www.board-worx.com/15dev/media/catalog/product/no_selection,0,New,North,'Tops',
9008415652911,"11m North Rebel Kite 2016",9008415652911,http://www.board-worx.com/15dev/weird-fish-tonala-vest-top-12171.html,https://www.board-worx.com/15dev/media/catalog/product/no_selection,0,New,North,'Tops',
9008415652914,"12m North Rebel Kite 2016",9008415652914,http://www.board-worx.com/15dev/weird-fish-tonala-vest-top-12171.html,https://www.board-worx.com/15dev/media/catalog/product/no_selection,0,New,North,'Tops',
9008415652913,"13m North Rebel Kite 2016",9008415652913,http://www.board-worx.com/15dev/weird-fish-tonala-vest-top-12171.html,https://www.board-worx.com/15dev/media/catalog/product/no_selection,0,New,North,'Tops',
9008415652140,"14m North Rebel Kite 2016",9008415652140,http://www.board-worx.com/15dev/weird-fish-tonala-vest-top-12171.html,https://www.board-worx.com/15dev/media/catalog/product/no_selection,0,New,North,'Tops',
